tweet_ID,retweet_count,favorite_count
892420643555336193,8842,39492
892177421306343426,6480,33786
891815181378084864,4301,25445
891689557279858688,8925,42863
891327558926688256,9721,41016
891087950875897856,3240,20548
890971913173991426,2142,12053
890729181411237888,19548,66596
890609185150312448,4403,28187
890240255349198849,7684,32467
890006608113172480,7584,31127
889880896479866881,5116,28208
889665388333682689,8502,38745
889638837579907072,4705,27633
889531135344209921,2309,15329
889278841981685760,5635,25712
888917238123831296,4681,29555
888804989199671297,4535,26021
888554962724278272,3722,20267
888078434458587136,3637,22144
887705289381826560,5584,30690
887517139158093824,12053,46940
887473957103951883,18813,70007
887343217045368832,10713,34223
887101392804085760,6147,31045
886983233522544640,8045,35786
886736880519319552,3420,12286
886680336477933568,4597,22802
886366144734445568,3297,21488
886267009285017600,4,117
886258384151887873,6506,28437
886054160059072513,106,0
885984800019947520,7043,33299
885528943205470208,6642,36592
885518971528720385,3876,20739
885311592912609280,19188,0
885167619883638784,4526,22304
884925521741709313,19149,78881
884876753390489601,6042,28429
884562892145688576,5076,24716
884441805382717440,5836,27443
884247878851493888,21105,74192
884162670584377345,3099,20719
883838122936631299,3559,22269
883482846933004288,10336,46741
883360690899218434,3802,22932
883117836046086144,6900,37810
882992080364220416,4086,24358
882762694511734784,5086,28810
882627270321602560,6303,28327
882268110199369728,12013,45745
882045870035918850,5162,29843
881906580714921986,3516,24708
881666595344535552,11026,51390
881633300179243008,7,129
881536004380872706,16564,50326
881268444196462592,5328,23462
880935762899988482,2871,17288
880872448815771648,3957,21667
880465832366813184,6500,28997
880221127280381952,4398,27561
880095782870896641,4506,28085
879862464715927552,3615,22609
879674319642796034,10,313
879492040517615616,3300,23778
879415818425184262,45655,107834
879376492567855104,3239,17061
879130579576475649,7118,0
879050749262655488,4890,22978
879008229531029506,2793,19265
878776093423087618,4282,19708
878604707211726852,7510,30835
878404777348136964,1338,0
878316110768087041,6925,0
878281511006478336,1338,7890
878057613040115712,7118,42743
877736472329191424,19908,81450
877611172832227328,82,0
877556246731214848,3973,23188
877316821321428993,5377,27835
877201837425926144,5829,27661
876838120628539392,3493,21069
876537666061221889,4775,23789
876484053909872640,2499,19086
876120275196170240,4872,28392
875747767867523072,4478,25710
875144289856114688,5114,22346
875097192612077568,6303,27915
875021211251597312,4895,25948
874680097055178752,4825,28371
874434818259525634,15442,0
874296783580663808,4284,26563
874057562936811520,4107,23061
874012996292530176,10926,35406
873697596434513921,12435,0
873580283840344065,4110,24757
873337748698140672,1656,0
873213775632977920,1656,7435
872967104147763200,5632,27918
872820683541237760,3858,15006
872668790621863937,31,0
872620804844003328,3871,21254
872486979161796608,9365,41474
872261713294495745,6606,34982
872122724285648897,8493,35224
871879754684805121,11810,38995
871762521631449091,3641,20716
871515927908634625,3608,20687
871166179821445120,5956,0
871102520638267392,5729,21403
871032628920680449,3972,23174
870804317367881728,6348,33689
870726314365509632,3,120
870656317836468226,2798,12767
870374049280663552,27502,84753
870308999962521604,4355,22375
870063196459192321,8787,37660
869772420881756160,10580,43546
869702957897576449,6680,29014
869596645499047938,3300,16431
869227993411051520,4004,21052
868880397819494401,12435,54897
868639477480148993,2219,0
868622495443632128,6234,28165
868552278524837888,2219,10485
867900495410671616,4410,24905
867774946302451713,7740,35055
867421006826221569,2673,16683
867072653475098625,134,0
867051520902168576,8367,33289
866816280283807744,32705,0
866720684873056260,5139,20805
866686824827068416,3707,20002
866450705531457537,32705,106481
866334964761202691,15442,54493
866094527597207552,8882,0
865718153858494464,5975,26528
865359393868664832,5351,27416
865006731092295680,8162,28978
864873206498414592,9320,33537
864279568663928832,3251,15134
864197398364647424,9552,31314
863907417377173506,4419,21390
863553081350529029,4464,15875
863471782782697472,2664,0
863432100342583297,5627,24734
863427515083354112,105,2349
863079547188785154,1188,9068
863062471531167744,2664,8911
862831371563274240,5421,19946
862722525377298433,3782,17722
862457590147678208,5342,21405
862096992088072192,24997,77714
861383897657036800,11456,37599
861288531465048066,4465,17961
861005113778896900,4093,17460
860981674716409858,2317,0
860924035999428608,879,0
860563773140209665,2317,7841
860524505164394496,5664,24590
860276583193509888,3724,19081
860184849394610176,6277,17429
860177593139703809,33231,0
859924526012018688,4320,19962
859851578198683649,3762,16044
859607811541651456,1695,19391
859196978902773760,32589,94035
859074603037188101,14658,35446
858860390427611136,8762,0
858843525470990336,3746,16242
858471635011153920,5243,22528
858107933456039936,3140,16459
857989990357356544,2790,16883
857746408056729600,11452,35902
857393404942143489,1772,6213
857263160327368704,4903,20956
857214891891077121,20,242
857062103051644929,182,0
857029823797047296,4342,19838
856602993587888130,11580,0
856543823941562368,3113,17075
856526610513747968,2053,12412
856330835276025856,729,0
856288084350160898,17,540
856282028240666624,6818,29007
855862651834028034,28,354
855860136149123072,1092,4687
855857698524602368,2299,12449
855851453814013952,19118,47679
855818117272018944,5905,27952
855459453768019968,8946,31563
855245323840757760,6521,0
855138241867124737,50,0
854732716440526848,6657,24116
854482394044301312,7546,30979
854365224396361728,5123,19954
854120357044912130,8245,33792
854010172552949760,3419,17120
853760880890318849,6350,30306
853639147608842240,11198,37042
853299958564483072,3913,16456
852936405516943360,2226,0
852912242202992640,2024,9610
852672615818899456,2371,15869
852553447878664193,3858,17419
852311364735569921,10906,35201
852226086759018497,7530,21318
852189679701164033,1733,12176
851953902622658560,10647,0
851861385021730816,23,0
851591660324737024,3808,17240
851464819735769094,7803,25855
851224888060895234,6315,22011
850753642995093505,10285,33213
850380195714523136,2894,13946
850333567704068097,365,3631
850145622816686080,4224,17454
850019790995546112,5429,21874
849776966551130114,8366,32267
849668094696017920,5490,0
849412302885593088,3461,16978
849336543269576704,2088,12196
849051919805034497,7337,32482
848690551926992896,4795,26990
848324959059550208,4012,20143
848213670039564288,825,8799
848212111729840128,3421,17545
847978865427394560,3634,0
847971574464610304,479,0
847962785489326080,5700,25198
847842811428974592,1513,5910
847617282490613760,462,7523
847606175596138505,3756,20130
847251039262605312,4773,21935
847157206088847362,6528,21492
847116187444137987,3564,23028
846874817362120707,4381,21597
846514051647705089,12992,48198
846505985330044928,3468,15250
846153765933735936,10154,34263
846139713627017216,10908,33099
846042936437604353,3206,17192
845812042753855489,9815,31600
845677943972139009,5333,27040
845459076796616705,14970,0
845397057150107648,2056,8215
845306882940190720,6013,25123
845098359547420673,8595,0
844979544864018432,2891,14678
844973813909606400,3597,16307
844704788403113984,11580,41876
844580511645339650,3516,17787
844223788422217728,2437,14700
843981021012017153,3268,16275
843856843873095681,5200,23113
843604394117681152,3066,18234
843235543001513987,6809,23218
842892208864923648,56373,0
842846295480000512,4008,16380
842765311967449089,1435,7292
842535590457499648,3921,19561
842163532590374912,6521,26494
842115215311396866,3363,15145
841833993020538882,17399,0
841680585030541313,8703,27739
841439858740625411,4138,13703
841320156043304961,6056,21340
841314665196081154,5283,17224
841077006473256960,5956,24841
840761248237133825,1960,0
840728873075638272,18176,0
840698636975636481,3,195
840696689258311684,1108,13323
840632337062862849,1960,9722
840370681858686976,5117,17859
840268004936019968,6460,20863
839990271299457024,2579,14575
839549326359670784,8762,29844
839290600511926273,159,0
839239871831150596,7375,29552
838952994649550848,4479,21237
838921590096166913,2341,12135
838916489579200512,37,0
838831947270979586,12544,0
838561493054533637,1494,11849
838476387338051585,5452,24569
838201503651401729,11466,0
838150277551247360,366,1819
838085839343206401,0,150
838083903487373313,3557,19124
837820167694528512,8882,37150
837482249356513284,494,4189
837471256429613056,2611,13909
837366284874571778,5969,22964
837110210464448512,2718,17408
837012587749474308,86,0
836989968035819520,2598,13823
836753516572119041,5201,20944
836677758902222849,2511,13733
836648853927522308,622,0
836397794269200385,31140,0
836380477523124226,3321,15976
836260088725786625,4832,23100
836001077879255040,4901,20840
835685285446955009,9272,0
835574547218894849,4097,19379
835536468978302976,1930,0
835309094223372289,23870,0
835297930240217089,3368,17791
835264098648616962,1930,8467
835246439529840640,82,2248
835172783151792128,6493,28461
835152434251116546,3425,24478
834931633769889797,1872,11791
834786237630337024,6132,22874
834574053763584002,2868,14939
834477809192075265,12146,0
834458053273591808,1893,10482
834209720923721728,5442,22505
834167344700198914,4111,17141
834089966724603904,2420,10957
834086379323871233,2504,14240
833863086058651648,2717,14594
833826103416520705,3886,16661
833732339549220864,250,0
833722901757046785,3626,22501
833479644947025920,2345,16193
833124694597443584,5490,22062
832998151111966721,2508,14506
832769181346996225,44,0
832757312314028032,4109,18356
832682457690300417,3348,12969
832645525019123713,590,3185
832636094638288896,3202,17310
832397543355072512,2533,13067
832369877331693569,3634,18715
832273440279240704,2657,12339
832215909146226688,7033,0
832215726631055365,10673,0
832088576586297345,3,72
832040443403784192,11050,0
832032802820481025,4720,13826
831939777352105988,6992,26297
831926988323639298,39,369
831911600680497154,7409,30248
831670449226514432,2053,11439
831650051525054464,2226,7868
831552930092285952,2620,9843
831322785565769729,1737,10011
831315979191906304,1261,7087
831309418084069378,2772,12777
831262627380748289,2338,13018
830956169170665475,1725,8705
830583320585068544,19188,73157
830173239259324417,6519,0
830097400375152640,3441,10769
829878982036299777,5734,0
829861396166877184,2234,13402
829501995190984704,12146,34779
829449946868879360,2319,11484
829374341691346946,10647,37930
829141528400556032,8486,26859
829011960981237760,18527,58067
828801551087042563,3880,0
828770345708580865,6713,27990
828708714936930305,12811,40107
828650029636317184,1540,10437
828409743546925057,1300,6873
828408677031882754,1468,8368
828381636999917570,2540,13819
828376505180889089,1210,8084
828372645993398273,3325,13706
828361771580813312,194,2401
828046555563323392,3245,12887
828011680017821696,2441,11364
827933404142436356,5958,22098
827653905312006145,3414,16917
827600520311402496,1080,8125
827324948884643840,3490,17444
827228250799742977,13452,0
827199976799354881,2566,11609
826958653328592898,5734,23675
826848821049180160,11805,40170
826615380357632002,4498,0
826598799820865537,292,5617
826598365270007810,2701,11076
826476773533745153,4801,20201
826240494070030336,2957,14564
826204788643753985,1070,5340
826115272272650244,3584,17239
825876512159186944,2138,11481
825829644528148480,2837,13974
825535076884762624,19563,56199
825147591692263424,5223,20129
825120256414846976,1477,0
825026590719483904,1477,6991
824796380199809024,6262,0
824775126675836928,4042,16440
824663926340194305,1986,11068
824325613288833024,11791,12961
824297048279236611,4442,16567
824025158776213504,675,5234
823939628516474880,3110,11712
823719002937630720,12874,0
823699002998870016,2764,13786
823581115634085888,3020,14336
823333489516937216,30,773
823322678127919110,4615,17363
823269594223824897,11350,0
822975315408461824,3936,19071
822872901745569793,47958,132318
822859134160621569,2611,14526
822647212903690241,7349,0
822610361945911296,3409,16259
822489057087389700,7349,20023
822462944365645825,17089,31684
822244816520155136,11350,38696
822163064745328640,5529,0
821886076407029760,2682,12529
821813639212650496,3810,0
821765923262631936,1893,9285
821522889702862852,2021,8842
821421320206483457,6424,0
821407182352777218,5031,13026
821153421864615936,10,278
821149554670182400,2309,9678
821107785811234820,2477,10596
821044531881721856,2622,13974
820837357901512704,7694,0
820749716845686786,11466,34862
820690176645140481,3699,13476
820494788566847489,646,0
820446719150292993,2968,0
820314633777061888,646,3696
820078625395449857,7216,21891
820013781606658049,1361,0
819952236453363712,1361,5903
819924195358416896,5576,14243
819711362133872643,3583,14863
819588359383371776,2259,10556
819347104292290561,1377,7982
819238181065359361,459,2539
819227688460238848,7694,25548
819015337530290176,42045,0
819015331746349057,21699,0
819006400881917954,21699,49786
819004803107983360,42045,95138
818646164899774465,23959,0
818627210458333184,8527,24481
818614493328580609,2965,10920
818588835076603904,7085,0
818536468981415936,2864,12086
818307523543449600,9331,0
818259473185828864,2611,12163
818145370475810820,2993,13621
817908911860748288,902,5337
817827839487737858,31140,57371
817777686764523521,3071,11855
817536400337801217,3488,13051
817502432452313088,3902,0
817423860136083457,17399,38096
817415592588222464,1122,6234
817181837579653120,9846,0
817171292965273600,2315,9650
817120970343411712,3004,13331
817056546584727552,1916,9489
816829038950027264,5468,0
816816676327063552,2350,11030
816697700272001025,2529,10860
816450570814898180,9331,33829
816336735214911488,2253,9529
816091915477250048,2490,9882
816062466425819140,1201,0
816014286006976512,6115,0
815990720817401858,1201,5526
815966073409433600,9846,24964
815745968457060357,4774,0
815736392542261248,2607,10894
815639385530101762,1901,9130
815390420867969024,4388,11423
814986499976527872,1500,8447
814638523311648768,3119,12481
814578408554463233,6716,0
814530161257443328,2143,9597
814153002265309185,10034,31880
813944609378369540,3717,0
813910438903693312,2180,10296
813812741911748608,16183,40231
813800681631023104,2042,9265
813217897535406080,8436,20708
813202720496779264,2079,10160
813187593374461952,5063,22007
813172488309972993,2227,10344
813157409116065792,2547,8553
813142292504645637,2714,9316
813130366689148928,511,4949
813127251579564032,3628,13188
813112105746448384,3208,11462
813096984823349248,4187,11644
813081950185472002,3201,10956
813066809284972545,2259,8825
813051746834595840,8455,23221
812781120811126785,2187,8342
812747805718642688,8025,0
812709060537683968,1658,7344
812503143955202048,1419,6759
812466873996607488,2218,8873
812372279581671427,4230,15161
811985624773361665,1642,8067
811744202451197953,1873,8390
811647686436880384,866,6189
811627233043480576,3633,14210
811386762094317568,7405,23211
810984652412424192,1647,5904
810896069567610880,2082,10057
810657578271330305,3043,12150
810284430598270976,13304,39481
810254108431155201,3880,16308
809920764300447744,4498,17181
809808892968534016,5679,0
809448704142938112,1687,7693
809220051211603969,6519,22165
809084759137812480,4029,14628
808838249661788160,3516,11221
808733504066486276,2502,8769
808501579447930884,2996,12533
808344865868283904,23959,47106
808134635716833280,6925,0
808106460588765185,2515,9671
808001312164028416,4075,13948
807621403335917568,4267,16179
807106840509214720,56373,106634
807059379405148160,8471,0
807010152071229440,4402,14452
806629075125202948,40437,83401
806620845233815552,6383,0
806576416489959424,2216,5350
806542213899489280,2747,11321
806242860592926720,13512,0
806219024703037440,1383,7122
805958939288408065,6201,0
805932879469572096,2195,9164
805826884734976000,2126,7304
805823200554876929,9320,0
805520635690676224,1899,6342
805487436403003392,2916,9734
805207613751304193,1964,8644
804738756058218496,4461,15262
804475857670639616,2341,6856
804413760345620481,3698,0
804026241225523202,18791,49596
803773340896923648,3202,11157
803692223237865472,8638,0
803638050916102144,4803,12226
803380650405482500,2155,8575
803321560782307329,6178,0
803276597545603072,2868,11161
802952499103731712,2322,10047
802624713319034886,3390,0
802600418706604034,1700,7919
802572683846291456,2909,9919
802323869084381190,6780,18061
802265048156610565,1568,7011
802247111496568832,5202,0
802239329049477120,3029,10088
802185808107208704,314,0
801958328846974976,1984,8574
801854953262350336,274,1948
801538201127157760,2377,9109
801285448605831168,955,6760
801167903437357056,6925,27290
801127390143516673,4598,0
801115127852503040,2417,8972
800859414831898624,113,774
800855607700029440,1884,0
800751577355128832,3203,11655
800513324630806528,3476,14632
800459316964663297,2480,10499
800443802682937345,5024,0
800388270626521089,3250,12409
800188575492947969,4555,0
800141422401830912,2968,17023
800018252395122689,15274,31655
799774291445383169,5448,0
799757965289017345,2497,9352
799422933579902976,2207,8938
799308762079035393,6425,0
799297110730567681,3214,11024
799063482566066176,2852,9024
798933969379225600,5177,14669
798925684722855936,1657,8223
798705661114773508,7685,0
798701998996647937,9060,0
798697898615730177,7555,0
798694562394996736,5779,0
798686750113755136,2690,0
798682547630837760,5486,0
798673117451325440,6454,0
798665375516884993,4494,0
798644042770751489,2142,0
798628517273620480,2265,0
798585098161549313,6589,0
798576900688019456,6835,0
798340744599797760,3901,0
798209839306514432,2947,11508
797971864723324932,3636,12975
797545162159308800,5622,16135
797236660651966464,7693,22250
797165961484890113,32,255
796904159865868288,10356,0
796865951799083009,2188,8528
796759840936919040,3549,13222
796563435802726400,8471,0
796484825502875648,2035,8444
796387464403357696,4830,12278
796177847564038144,16559,0
796149749086875649,16559,36048
796125600683540480,2071,5486
796116448414461957,2796,10109
796080075804475393,2690,9426
796031486298386433,4271,12020
795464331001561088,27586,55479
795400264262053889,3310,11229
795076730285391872,6262,18062
794983741416415232,3924,0
794926597468000259,2684,11454
794355576146903043,11969,0
794332329137291264,3076,10648
794205286408003585,3874,10273
793962221541933056,5679,18820
793845145112371200,2177,10247
793614319594401792,3646,0
793601777308463104,1901,8881
793500921481273345,2772,11908
793286476301799424,10673,27474
793271401113350145,2751,9649
793256262322548741,9661,22263
793241302385262592,3790,11741
793226087023144960,3322,10961
793210959003287553,3282,9957
793195938047070209,6504,17001
793180763617361921,2306,7710
793165685325201412,3227,10436
793150605191548928,1982,6886
793135492858580992,2884,7182
793120401413079041,4533,14138
792913359805018113,4693,16001
792883833364439040,4950,12612
792773781206999040,1958,8170
792394556390137856,4976,15071
792050063153438720,2080,7992
791821351946420224,24370,0
791784077045166082,11208,0
791780927877898241,4411,0
791774931465953280,21061,37678
791672322847637504,3646,13086
791406955684368384,4774,14627
791312159183634433,2947,9801
791026214425268224,4818,0
790987426131050500,2468,11041
790946055508652032,5468,18527
790723298204217344,2686,0
790698755171364864,2191,9118
790581949425475584,8143,22397
790337589677002753,2160,8696
790277117346975746,3717,14015
790227638568808452,4171,0
789986466051088384,2686,10311
789960241177853952,4816,0
789903600034189313,4833,11614
789628658055020548,2072,8410
789599242079838210,2267,7579
789530877013393408,3924,13117
789314372632018944,2655,9574
789280767834746880,5720,0
789268448748703744,2996,10147
789137962068021249,3232,10824
788908386943430656,14347,30520
788765914992902144,11969,30604
788552643979468800,8365,0
788412144018661376,5964,15998
788178268662984705,2477,8060
788150585577050112,1502,6837
788070120937619456,3933,0
788039637453406209,1529,6838
787810552592695296,3523,9678
787717603741622272,3226,11370
787397959788929025,3281,12064
787322443945877504,2024,8687
787111942498508800,7746,0
786963064373534720,9272,29595
786729988674449408,2809,0
786709082849828864,7033,20221
786664955043049472,2981,11908
786595970293370880,3575,10460
786363235746385920,4054,12129
786286427768250368,3328,8892
786233965241827333,5529,17100
786051337297522688,178,1607
786036967502913536,8148,0
785927819176054784,3627,12636
785872687017132033,2112,7452
785639753186217984,2545,8680
785533386513321988,2318,10146
785515384317313025,1466,6782
785264754247995392,1897,8095
785170936622350336,5608,13438
784826020293709826,3698,11268
784517518371221505,2945,10005
784431430411685888,1479,6308
784183165795655680,9320,22401
784057939640352768,12874,33358
783839966405230592,12544,33544
783821107061198850,2259,8176
783695101801398276,3706,11595
783466772167098368,2586,9426
783391753726550016,6393,18821
783347506784731136,6495,0
783334639985389568,13512,32504
783085703974514689,2541,9069
782969140009107456,8471,26849
782747134529531904,1593,8276
782722598790725632,6201,19173
782598640137187329,2177,8664
782305867769217024,6424,18547
782021823840026624,7196,0
781955203444699136,3885,12317
781661882474196992,3107,11586
781655249211752448,1305,4445
781524693396357120,6383,23074
781308096455073793,2933,7932
781251288990355457,2430,9403
781163403222056960,3149,10852
780931614150983680,8471,24088
780858289093574656,2311,8007
780800785462489090,1493,6114
780601303617732608,3810,13464
780543529827336192,2008,7001
780496263422808064,4293,0
780476555013349377,136,0
780459368902959104,1221,5868
780192070812196864,2571,9671
780092040432480260,2644,0
780074436359819264,5756,13667
779834332596887552,8148,21161
779377524342161408,3584,9791
779124354206535695,21187,0
779123168116150273,4189,13146
779056095788752897,5202,16444
778990705243029504,8371,22262
778774459159379968,11474,0
778764940568104960,422,952
778748913645780993,1549,7681
778650543019483137,1714,6415
778624900596654080,1165,5166
778408200802557953,4988,15089
778396591732486144,14089,0
778383385161035776,1264,6502
778286810187399168,3804,11529
778039087836069888,3040,9386
778027034220126208,1867,7292
777953400541634568,4053,0
777885040357281792,1882,7054
777684233540206592,3390,12468
777641927919427584,4915,0
777621514455814149,2884,9706
777189768882946048,4965,15858
776819012571455488,15743,0
776813020089548800,1393,5420
776477788987613185,3223,9823
776249906839351296,10590,0
776218204058357768,18343,33209
776201521193218049,2890,10635
776113305656188928,5024,13050
776088319444877312,177,2037
775898661951791106,17522,0
775842724423557120,3083,12980
775733305207554048,4598,15351
775729183532220416,5262,14298
775364825476165632,3445,8265
775350846108426240,4496,11261
775085132600442880,5448,17218
774757898236878852,2023,9429
774639387460112384,2000,7461
774314403806253056,6425,24093
773985732834758656,4449,11869
773922284943896577,1980,7078
773704687002451968,1873,7287
773670353721753600,1489,5910
773547596996571136,7085,24461
773336787167145985,5860,0
773308824254029826,8595,25743
773247561583001600,3672,10368
773191612633579521,4713,11079
772877495989305348,4462,9525
772826264096874500,2654,8820
772615324260794368,3881,0
772581559778025472,1954,7167
772193107915964416,1596,6642
772152991789019136,1292,4168
772117678702071809,844,4153
772114945936949249,544,2994
772102971039580160,1060,4438
771908950375665664,2158,7266
771770456517009408,3901,13308
771500966810099713,2992,9146
771380798096281600,5860,11692
771171053431250945,8653,0
771136648247640064,3337,10184
771102124360998913,1648,6875
771014301343748096,1768,6998
771004394259247104,252,0
770787852854652928,1407,5478
770772759874076672,1611,5734
770743923962707968,52101,0
770655142660169732,1999,8092
770414278348247044,2369,6962
770293558247038976,1703,6899
770093767776997377,3492,0
770069151037685760,2633,8353
769940425801170949,11050,34822
769695466921623552,1911,7073
769335591808995329,8780,0
769212283578875904,1954,5963
768970937022709760,7503,15958
768909767477751808,3103,0
768855141948723200,1028,4645
768609597686943744,1378,4562
768596291618299904,1464,5565
768554158521745409,6673,0
768473857036525572,3932,15048
768193404517830656,4053,12104
767884188863397888,1618,5284
767754930266464257,6178,17733
767500508068192258,2671,8253
767191397493538821,4372,13576
767122157629476866,3246,11180
766864461642756096,6481,0
766793450729734144,1556,5626
766714921925144576,435,2862
766693177336135680,912,4467
766423258543644672,1810,6651
766313316352462849,2156,7467
766078092750233600,2955,0
766069199026450432,997,4735
766008592277377025,568,4120
765719909049503744,2461,7990
765669560888528897,1402,5724
765395769549590528,3114,20472
765371061932261376,2461,7813
765222098633691136,3881,12843
764857477905154048,2016,7072
764259802650378240,1735,6688
763956972077010945,61,806
763837565564780549,4818,13984
763183847194451968,1690,5981
763167063695355904,3471,0
763103485927849985,2587,8120
762699858130116608,4171,13468
762471784394268675,7546,12526
762464539388485633,4816,11451
762316489655476224,1288,5336
762035686371364864,17815,35270
761976711479193600,2297,5962
761750502866649088,4511,0
761745352076779520,975,4692
761672994376806400,33230,54793
761599872357261312,1330,4559
761371037149827077,20400,0
761334018830917632,1658,5761
761292947749015552,1256,4937
761227390836215808,1766,5891
761004547850530816,3933,12422
760893934457552897,1101,4212
760656994973933572,2198,7308
760641137271070720,1477,5455
760539183865880579,4148,8354
760521673607086080,1598,4665
760290219849637889,13070,29503
760252756032651264,989,4326
760190180481531904,2067,6303
760153949710192640,38,0
759943073749200896,2369,6558
759923798737051648,6481,16212
759846353224826880,2256,7399
759793422261743616,2164,6585
759566828574212096,24183,0
759557299618865152,1337,5185
759447681597108224,2809,9382
759446261539934208,557,1841
759197388317847553,2208,6697
759159934323924993,1348,0
759099523532779520,4790,16047
759047813560868866,2291,7201
758854675097526272,1022,3892
758828659922702336,4351,12323
758740312047005698,1819,6317
758474966123810816,1125,4205
758467244762497024,2516,5297
758405701903519748,2192,5729
758355060040593408,1239,3782
758099635764359168,11474,21213
758041019896193024,431,2987
757741869644341248,3692,7579
757729163776290825,9247,0
757725642876129280,1384,4994
757611664640446465,1265,5007
757597904299253760,331,0
757596066325864448,1206,4788
757400162377592832,7717,16667
757393109802180609,1996,6434
757354760399941633,1624,4973
756998049151549440,2260,6898
756939218950160384,2283,7306
756651752796094464,1503,5588
756526248105566208,4141,11463
756303284449767430,1224,4345
756288534030475264,14970,28385
756275833623502848,1733,7090
755955933503782912,3274,8064
755206590534418437,6120,18131
755110668769038337,12554,23353
754874841593970688,9140,0
754856583969079297,2856,7578
754747087846248448,589,2841
754482103782404096,2209,5826
754449512966619136,840,4132
754120377874386944,2655,8628
754011816964026368,4064,9683
753655901052166144,2482,6424
753420520834629632,4049,8690
753398408988139520,2174,6357
753375668877008896,2644,8365
753298634498793472,6576,0
753294487569522689,1183,3740
753039830821511168,23870,40913
753026973505581056,1103,4259
752932432744185856,7746,13903
752917284578922496,1781,7551
752701944171524096,3273,0
752682090207055872,1829,6621
752660715232722944,1784,4860
752568224206688256,2588,6110
752519690950500352,3895,8116
752334515931054080,1258,4213
752309394570878976,18880,0
752173152931807232,2097,6548
751950017322246144,1049,3397
751937170840121344,1516,5746
751830394383790080,2213,6394
751793661361422336,3299,6448
751598357617971201,3419,8665
751583847268179968,1260,4837
751538714308972544,1437,5526
751456908746354688,1120,3501
751251247299190784,6657,13727
751205363882532864,2074,6920
751132876104687617,1475,5595
750868782890057730,1585,5287
750719632563142656,5720,14563
750506206503038976,1309,4909
750429297815552001,4915,14506
750383411068534784,1300,4984
750381685133418496,37,753
750147208377409536,1091,3399
750132105863102464,1430,3977
750117059602808832,1458,4725
750101899009982464,953,3336
750086836815486976,612,2375
750071704093859840,3782,8618
750056684286914561,1006,3429
750041628174217216,701,3484
750026558547456000,884,2973
750011400160841729,1030,3553
749996283729883136,913,3319
749981277374128128,2769,5594
749774190421639168,1489,5092
749417653287129088,1891,6688
749403093750648834,617,2878
749395845976588288,3927,9457
749317047558017024,2496,6038
749075273010798592,2349,6332
749064354620928000,1708,5259
749036806121881602,893,3411
748977405889503236,3746,11187
748932637671223296,2555,6425
748705597323898880,1059,3028
748699167502000129,1810,5190
748692773788876800,1496,4635
748575535303884801,2258,6663
748568946752774144,771,2399
748346686624440324,1404,5709
748337862848962560,4673,8415
748324050481647620,865,4059
748307329658011649,805,4009
748220828303695873,8775,15471
747963614829678593,2433,6360
747933425676525569,2881,7266
747885874273214464,1112,3226
747844099428986880,846,3070
747816857231626240,1309,5316
747651430853525504,177,1510
747648653817413632,6577,14119
747600769478692864,615,2536
747594051852075008,1199,4043
747512671126323200,1796,6085
747461612269887489,1165,4238
747439450712596480,2175,5942
747242308580548608,3244,0
747219827526344708,1779,5766
747204161125646336,1033,3706
747103485104099331,4527,10495
746906459439529985,334,3158
746872823977771008,2418,6556
746818907684614144,1933,5785
746790600704425984,1800,5322
746757706116112384,4411,10466
746726898085036033,2028,6622
746542875601690625,2095,5497
746521445350707200,1103,0
746507379341139972,1222,5074
746369468511756288,1846,6611
746131877086527488,2493,7539
746056683365994496,927,3884
745789745784041472,1201,4413
745712589599014916,2626,7620
745433870967832576,2874,7780
745422732645535745,2754,9367
745314880350101504,3113,7830
745074613265149952,3957,8566
745057283344719872,2568,7909
744995568523612160,707,3265
744971049620602880,3027,8608
744709971296780288,1757,6127
744334592493166593,2404,7407
744234799360020481,79116,130533
744223424764059648,423,1857
743980027717509120,1227,4530
743895849529389061,1079,3974
743835915802583040,2372,0
743609206067040256,1554,4889
743595368194129920,7411,20183
743545585370791937,1060,3851
743510151680958465,4165,8626
743253157753532416,1359,4600
743222593470234624,2151,6764
743210557239623680,1545,4186
742534281772302336,3989,7704
742528092657332225,2234,4858
742465774154047488,4363,7886
742423170473463808,4293,10771
742385895052087300,2251,7432
742161199639494656,1537,4726
742150209887731712,1771,5624
741793263812808706,1691,4959
741743634094141440,3121,8905
741438259667034112,935,4005
741303864243200000,3631,9600
741099773336379392,6218,10947
741067306818797568,3492,10295
740995100998766593,3131,6984
740711788199743490,1058,3724
740699697422163968,884,3088
740676976021798912,7685,19797
740373189193256964,15029,37704
740365076218183684,488,2715
740359016048689152,959,3600
740214038584557568,2211,7300
739979191639244800,6673,21815
739932936087216128,1211,4426
739844404073074688,958,4128
739623569819336705,1541,4163
739606147276148736,1867,5878
739544079319588864,24183,43517
739485634323156992,3295,7850
739238157791694849,52101,74885
738891149612572673,6,115
738885046782832640,1273,4114
738883359779196928,914,3652
738537504001953792,1751,5555
738402415918125056,949,3586
738184450748633089,1355,4704
738166403467907072,3818,9587
738156290900254721,743,2760
737826014890496000,2001,5735
737800304142471168,3887,10902
737678689543020544,1506,5505
737445876994609152,5024,11252
737322739594330112,902,3939
737310737551491075,8296,15990
736736130620620800,1958,4715
736392552031657984,8365,19376
736365877722001409,1401,4353
736225175608430592,3099,8859
736010884653420544,3334,8613
735991953473572864,1280,3919
735648611367784448,1230,4382
735635087207878657,2648,6750
735274964362878976,4679,9579
735256018284875776,987,3660
735137028879360001,1089,3412
734912297295085568,571,2972
734787690684657664,7069,13669
734776360183431168,606,2727
734559631394082816,450,1639
733828123016450049,872,3911
733822306246479872,1136,4003
733482008106668032,1059,3432
733460102733135873,1442,4588
733109485275860992,17522,44456
732732193018155009,597,2657
732726085725589504,997,3841
732585889486888962,861,4004
732375214819057664,2823,8792
732005617171337216,6115,16251
731285275100512256,1087,3784
731156023742988288,1427,4172
730924654643314689,2226,6656
730573383004487680,2422,5377
730427201120833536,1171,3782
730211855403241472,1178,4157
730196704625098752,2157,5319
729854734790754305,1256,4374
729838605770891264,426,1849
729823566028484608,1385,4338
729463711119904772,2573,6315
729113531270991872,367,2049
728986383096946689,911,3443
728760639972315136,1901,5069
728751179681943552,754,3022
728653952833728512,1167,3603
728409960103686147,2260,5355
728387165835677696,1071,3977
728046963732717569,1318,4697
728035342121635841,1867,4932
728015554473250816,1214,4455
727685679342333952,717,3191
727644517743104000,1953,6403
727524757080539137,1374,4872
727314416056803329,831,3605
727286334147182592,917,3306
727175381690781696,1538,4192
727155742655025152,1486,3959
726935089318363137,2731,7470
726887082820554753,1672,4176
726828223124897792,1122,3864
726224900189511680,1296,4786
725842289046749185,2955,7658
725786712245440512,1520,4511
725729321944506368,1995,5625
725458796924002305,698,1533
724983749226668032,1455,4016
724771698126512129,718,2581
724405726123311104,1841,5772
724049859469295616,1977,4708
724046343203856385,617,2888
724004602748780546,1783,4535
723912936180330496,1370,4223
723688335806480385,3327,8406
723673163800948736,1004,3279
723179728551723008,2100,5735
722974582966214656,1754,4473
722613351520608256,1824,5369
721503162398597120,2117,5066
721001180231503872,685,2733
720785406564900865,861,3387
720775346191278080,754,2689
720415127506415616,1669,4480
720389942216527872,2822,6954
720340705894408192,1092,3115
720059472081784833,1262,4207
720043174954147842,2240,5310
719991154352222208,1968,5249
719704490224398336,1628,4954
719551379208073216,2177,5501
719367763014393856,823,3011
719339463458033665,1393,4793
719332531645071360,1070,3691
718971898235854848,1223,3795
718939241951195136,1964,5694
718631497683582976,9060,20628
718613305783398402,539,2656
718540630683709445,1129,2719
718460005985447936,596,2832
718454725339934721,1681,5293
718246886998687744,561,2097
718234618122661888,1118,4201
717841801130979328,666,2648
717790033953034240,1263,3155
717537687239008257,2059,6256
717428917016076293,506,1737
717421804990701568,943,3429
717047459982213120,2128,6799
717009362452090881,1098,3565
716802964044845056,1311,4609
716791146589110272,1473,5190
716730379797970944,475,1335
716447146686459905,6594,14263
716439118184652801,246,2562
716285507865542656,1218,3025
716080869887381504,1926,5252
715928423106027520,985,3470
715758151270801409,1588,4063
715733265223708672,1908,5070
715704790270025728,630,3038
715696743237730304,1443,4237
715680795826982913,1808,4699
715360349751484417,1764,5926
715342466308784130,766,3279
715220193576927233,734,2613
715200624753819648,2098,5565
715009755312439296,1391,4527
714982300363173890,1162,4076
714962719905021952,4796,7990
714957620017307648,1588,4487
714631576617938945,1115,3554
714606013974974464,1036,3924
714485234495041536,1303,2951
714258258790387713,805,3265
714251586676113411,938,3552
714214115368108032,985,2471
714141408463036416,1560,4657
713919462244790272,867,3545
713909862279876608,613,2066
713900603437621249,827,3049
713761197720473600,1536,5289
713411074226274305,1432,4778
713177543487135744,3167,7817
713175907180089344,1622,4831
712809025985978368,7555,20286
712717840512598017,5591,13412
712668654853337088,1363,4509
712438159032893441,1745,5773
712309440758808576,26,269
712097430750289920,1165,4123
712092745624633345,1011,3197
712085617388212225,554,3515
712065007010385924,698,2443
711998809858043904,138,0
711968124745228288,2584,8738
711743778164514816,1097,3086
711732680602345472,4621,9713
711694788429553666,20400,35709
711652651650457602,1032,4208
711363825979756544,1281,3981
711306686208872448,812,3584
711008018775851008,703,3255
710997087345876993,1554,4943
710844581445812225,775,2765
710833117892898816,603,2928
710658690886586372,633,2513
710609963652087808,2613,5201
710588934686908417,2099,4947
710296729921429505,828,2560
710283270106132480,578,2298
710272297844797440,1414,4911
710269109699739648,1255,2597
710153181850935296,1001,3141
710140971284037632,1000,2999
710117014656950272,2224,5975
709918798883774466,1207,3235
709901256215666688,112,730
709852847387627521,1331,3803
709566166965075968,1363,3846
709556954897764353,1196,3575
709519240576036864,276,1612
709449600415961088,663,2417
709409458133323776,782,2836
709225125749587968,643,2604
709207347839836162,6529,13684
709198395643068416,716,2623
709179584944730112,760,2200
709158332880297985,469,2224
709042156699303936,1853,5174
708853462201716736,741,1934
708845821941387268,1008,3217
708834316713893888,568,1848
708810915978854401,7800,17967
708738143638450176,914,2984
708711088997666817,829,2771
708479650088034305,760,2756
708469915515297792,921,3343
708400866336894977,11279,17430
708356463048204288,1511,3907
708349470027751425,829,2552
708149363256774660,1722,4639
708130923141795840,935,3682
708119489313951744,1101,2924
708109389455101952,606,2109
708026248782585858,2158,4772
707995814724026368,1268,3372
707983188426153984,2,52
707969809498152960,1090,2932
707776935007539200,1072,3570
707741517457260545,691,2706
707738799544082433,2769,4471
707693576495472641,1121,3739
707629649552134146,988,2823
707610948723478529,7196,18484
707420581654872064,785,2487
707411934438625280,670,2475
707387676719185920,1478,3823
707377100785885184,1208,3585
707315916783140866,725,2691
707297311098011648,901,3008
707059547140169728,754,2790
707038192327901184,897,2391
707021089608753152,1535,4424
707014260413456384,659,2496
706904523814649856,8780,15879
706901761596989440,676,2255
706681918348251136,1091,3608
706644897839910912,1220,2804
706593038911545345,716,2350
706538006853918722,1574,3757
706516534877929472,1147,3388
706346369204748288,1030,3755
706310011488698368,8987,23355
706291001778950144,521,1850
706265994973601792,1027,2964
706169069255446529,2497,4269
706166467411222528,1811,5605
706153300320784384,432,1627
705975130514706432,838,3386
705970349788291072,1005,3424
705898680587526145,640,2582
705786532653883392,592,2125
705591895322394625,1301,3453
705475953783398401,1042,3220
705442520700944385,1850,4860
705428427625635840,1924,4173
705239209544720384,848,3271
705223444686888960,898,2816
705102439679201280,580,2339
705066031337840642,680,2363
704871453724954624,1244,4564
704859558691414016,609,2452
704847917308362754,1722,5571
704819833553219584,1130,2886
704761120771465216,3244,7243
704499785726889984,1119,3196
704491224099647488,97,835
704480331685040129,1193,3707
704364645503647744,3972,8761
704347321748819968,390,1722
704134088924532736,518,1649
704113298707505153,629,2022
704054845121142784,1023,3193
703774238772166656,523,2015
703769065844768768,1267,3609
703631701117943808,766,2840
703611486317502464,1698,4214
703425003149250560,1554,4153
703407252292673536,779,2677
703382836347330562,1280,3821
703356393781329922,429,2079
703268521220972544,617,2143
703079050210877440,3480,8044
703041949650034688,14089,28862
702932127499816960,807,2813
702899151802126337,504,1765
702684942141153280,1212,3508
702671118226825216,632,2390
702598099714314240,3691,11278
702539513671897089,1083,3122
702332542343577600,1740,3483
702321140488925184,1150,3590
702276748847800320,855,2695
702217446468493312,1515,5243
701981390485725185,1102,3740
701952816642965504,1146,4146
701889187134500865,1553,3890
701805642395348998,1890,3738
701601587219795968,521,2286
701570477911896070,1050,3068
701545186879471618,678,2892
701214700881756160,5779,13398
700890391244103680,650,2426
700864154249383937,683,2818
700847567345688576,555,2631
700796979434098688,1080,2661
700747788515020802,10590,25015
700518061187723268,910,2881
700505138482569216,642,2476
700462010979500032,2018,4523
700167517596164096,832,2887
700151421916807169,750,2444
700143752053182464,3103,8230
700062718104104960,774,2876
700029284593901568,657,2250
700002074055016451,1523,3615
699801817392291840,1084,3326
699788877217865730,554,2451
699779630832685056,1393,3028
699775878809702401,686,2135
699691744225525762,5145,11206
699446877801091073,2926,6486
699434518667751424,574,2374
699423671849451520,379,1498
699413908797464576,687,2250
699370870310113280,494,2050
699323444782047232,977,3451
699088579889332224,711,2441
699079609774645248,739,2668
699072405256409088,1320,3274
699060279947165696,2047,4147
699036661657767936,1337,2852
698989035503689728,1108,3689
698953797952008193,1014,2959
698907974262222848,694,2778
698710712454139905,770,2701
698703483621523456,425,1597
698635131305795584,384,1397
698549713696649216,698,2522
698355670425473025,510,2037
698342080612007937,1068,2476
698262614669991936,2258,5186
698195409219559425,6716,18319
698178924120031232,824,3072
697995514407682048,369,1660
697990423684476929,1448,3586
697943111201378304,774,2623
697881462549430272,1332,3293
697630435728322560,610,1901
697616773278015490,1137,3451
697596423848730625,1419,3296
697575480820686848,569,2243
697516214579523584,1275,2265
697482927769255936,762,2652
697463031882764288,1547,3730
697270446429966336,2080,5102
697259378236399616,1126,3597
697255105972801536,1310,3300
697242256848379904,748,2735
696900204696625153,1152,3476
696894894812565505,756,2579
696886256886657024,2001,5285
696877980375769088,798,2676
696754882863349760,396,1605
696744641916489729,1066,2278
696713835009417216,752,2603
696518437233913856,1881,4255
696490539101908992,169,1334
696488710901260288,1163,2779
696405997980676096,1280,3516
696100768806522880,745,2116
695816827381944320,1315,3275
695794761660297217,877,3478
695767669421768709,850,2047
695629776980148225,2364,4992
695446424020918272,2018,4766
695409464418041856,4000,9420
695314793360662529,1664,3991
695095422348574720,680,2873
695074328191332352,1234,3097
695064344191721472,680,1762
695051054296211456,881,2910
694925794720792577,1036,2946
694905863685980160,1048,3031
694669722378485760,13452,25970
694356675654983680,325,1643
694352839993344000,696,2231
694342028726001664,552,1720
694329668942569472,567,2189
694206574471057408,2286,4571
694183373896572928,1036,3219
694001791655137281,1173,3691
693993230313091072,455,2040
693942351086120961,413,1883
693647888581312512,669,2943
693644216740769793,149,1468
693642232151285760,468,2776
693629975228977152,889,2670
693622659251335168,421,1680
693590843962331137,2219,5541
693582294167244802,291,1800
693486665285931008,694,1933
693280720173801472,1398,3654
693267061318012928,921,2602
693262851218264065,567,2440
693231807727280129,835,3115
693155686491000832,3606,8625
693109034023534592,692,1882
693095443459342336,521,2049
692919143163629568,835,2914
692905862751522816,994,2667
692901601640583168,680,1964
692894228850999298,906,2507
692828166163931137,993,3141
692752401762250755,4102,7469
692568918515392513,1729,4720
692535307825213440,1522,3489
692530551048294401,472,2010
692423280028966913,263,1613
692417313023332352,3902,10227
692187005137076224,924,2755
692158366030913536,896,2358
692142790915014657,437,1788
692041934689402880,1420,3704
692017291282812928,1077,3138
691820333922455552,1849,4308
691793053716221953,4710,8888
691756958957883396,1155,3163
691675652215414786,573,2107
691483041324204033,653,2594
691459709405118465,1290,4437
691444869282295808,946,2883
691416866452082688,8638,21182
691321916024623104,743,2816
691096613310316544,1016,3243
691090071332753408,385,1861
690989312272396288,3264,6484
690959652130045952,1415,3899
690938899477221376,2232,4517
690932576555528194,1143,3591
690735892932222976,1439,4113
690728923253055490,596,2372
690690673629138944,893,2530
690649993829576704,321,1425
690607260360429569,19,311
690597161306841088,679,2159
690400367696297985,509,2035
690374419777196032,969,3548
690360449368465409,1003,2913
690348396616552449,571,1639
690248561355657216,475,1837
690021994562220032,1172,3050
690015576308211712,828,2729
690005060500217858,1896,3995
689999384604450816,422,1558
689993469801164801,516,1610
689977555533848577,499,1487
689905486972461056,785,2644
689877686181715968,1336,3302
689835978131935233,845,2355
689661964914655233,1042,3486
689659372465688576,4386,11355
689623661272240129,745,2452
689599056876867584,6219,12731
689557536375177216,516,2249
689517482558820352,1605,3719
689289219123089408,1052,2462
689283819090870273,1246,3609
689280876073582592,814,2188
689275259254616065,284,1265
689255633275777024,1208,2798
689154315265683456,1124,3335
689143371370250240,578,2225
688916208532455424,979,2996
688908934925697024,869,2304
688898160958271489,887,2299
688894073864884227,788,2447
688828561667567616,420,1503
688804835492233216,224,1040
688789766343622656,748,2420
688547210804498433,789,2847
688519176466644993,821,2512
688385280030670848,5004,10145
688211956440801280,936,2417
688179443353796608,668,2318
688116655151435777,885,3083
688064179421470721,407,1873
687841446767013888,2861,5984
687826841265172480,1280,2979
687818504314159109,1077,2751
687807801670897665,799,2616
687732144991551489,745,1930
687704180304273409,950,2651
687664829264453632,575,2113
687494652870668288,653,2098
687480748861947905,281,1753
687476254459715584,614,2177
687460506001633280,612,2231
687399393394311168,701,2075
687317306314240000,10356,21968
687312378585812992,2139,4761
687127927494963200,2576,5987
687124485711986689,569,2361
687109925361856513,2789,6339
687102708889812993,1115,2560
687096057537363968,690,2445
686947101016735744,3570,9390
686760001961103360,1549,3840
686749460672679938,1657,3798
686730991906516992,1345,4529
686683045143953408,905,3056
686618349602762752,1533,4023
686606069955735556,606,2064
686394059078897668,763,1920
686386521809772549,993,3540
686377065986265092,636,2427
686358356425093120,772,2390
686286779679375361,1878,4378
686050296934563840,832,2411
686035780142297088,138,1271
686034024800862208,1321,3406
686007916130873345,471,2701
686003207160610816,730,2002
685973236358713344,608,2309
685943807276412928,693,1792
685906723014619143,3281,8242
685681090388975616,143,2219
685667379192414208,662,2565
685663452032069632,1650,3548
685641971164143616,881,3199
685547936038666240,17649,35994
685532292383666176,1293,3327
685325112850124800,4511,10413
685321586178670592,734,2900
685315239903100929,1226,3660
685307451701334016,494,2255
685268753634967552,1362,3403
685198997565345792,759,2550
685169283572338688,1613,4475
684969860808454144,435,2509
684959798585110529,3546,7283
684940049151070208,1185,3508
684926975086034944,548,3836
684914660081053696,1656,3828
684902183876321280,603,2041
684880619965411328,930,2292
684830982659280897,24370,38343
684800227459624960,1114,2961
684594889858887680,3993,9807
684588130326986752,1586,4481
684567543613382656,1410,3289
684538444857667585,1082,2902
684481074559381504,1315,4233
684460069371654144,627,2163
684241637099323392,3711,8956
684225744407494656,239,1361
684222868335505415,1554,4198
684200372118904832,1167,2377
684195085588783105,593,2096
684188786104872960,1336,3810
684177701129875456,762,2206
684147889187209216,1696,3250
684122891630342144,534,2166
684097758874210310,1616,4496
683857920510050305,1260,4146
683852578183077888,395,2099
683849932751646720,1108,2875
683834909291606017,1256,2865
683828599284170753,1189,3036
683773439333797890,1526,3667
683742671509258241,3756,7129
683515932363329536,3273,8020
683498322573824003,1088,3454
683481228088049664,1112,2867
683462770029932544,760,2672
683449695444799489,1820,4270
683391852557561860,2690,8307
683357973142474752,1059,3221
683142553609318400,1170,3150
683111407806746624,1029,3723
683098815881154561,734,2351
683078886620553216,631,2167
683030066213818368,826,2358
682962037429899265,18393,39005
682808988178739200,209,1941
682788441537560576,1253,2693
682750546109968385,491,1665
682697186228989953,396,1434
682662431982772225,1201,3316
682638830361513985,674,2254
682429480204398592,1311,3752
682406705142087680,2002,8279
682393905736888321,769,2426
682389078323662849,516,1818
682303737705140231,1132,3372
682259524040966145,1372,4561
682242692827447297,1339,3548
682088079302213632,11208,20038
682059653698686977,1908,5418
682047327939461121,1084,3515
682032003584274432,2278,7195
682003177596559360,1717,3448
681981167097122816,1158,3026
681891461017812993,948,2696
681694085539872773,4555,13953
681679526984871937,498,1915
681654059175129088,1039,2892
681610798867845120,529,2093
681579835668455424,1483,3873
681523177663676416,6576,15678
681340665377193984,312,1797
681339448655802368,4574,10153
681320187870711809,859,2908
681302363064414209,2063,4325
681297372102656000,1085,3474
681281657291280384,1254,3508
681261549936340994,308,1588
681242418453299201,618,1638
681231109724700672,539,2616
681193455364796417,1680,4052
680970795137544192,743,2651
680959110691590145,2238,4973
680940246314430465,1217,3525
680934982542561280,493,2272
680913438424612864,701,2599
680889648562991104,415,1936
680836378243002368,1501,3742
680805554198020098,745,2357
680801747103793152,923,2585
680798457301471234,1177,3118
680609293079592961,811,2888
680583894916304897,1509,3926
680497766108381184,2151,4624
680494726643068929,542,1868
680473011644985345,839,2772
680440374763077632,559,1578
680221482581123072,329,1590
680206703334408192,1315,3097
680191257256136705,573,2342
680176173301628928,1753,4252
680161097740095489,823,2527
680145970311643136,1965,3942
680130881361686529,1072,2512
680115823365742593,1025,2962
680100725817409536,1545,3878
680085611152338944,9967,13916
680070545539371008,987,2807
680055455951884288,8025,18203
679877062409191424,722,2147
679872969355714560,745,2359
679862121895714818,700,2671
679854723806179328,1392,3130
679844490799091713,886,2589
679828447187857408,15743,39558
679777920601223168,1270,3373
679736210798047232,912,2295
679729593985699840,928,2357
679722016581222400,538,1807
679530280114372609,2336,5193
679527802031484928,817,2884
679511351870550016,1454,3694
679503373272485890,1664,3468
679475951516934144,722,2289
679462823135686656,21187,34731
679405845277462528,1355,2586
679158373988876288,9140,23469
679148763231985668,1158,3015
679132435750195208,1309,3241
679111216690831360,2878,6486
679062614270468097,9247,18630
679047485189439488,773,2457
679001094530465792,1374,3068
678991772295516161,1329,2530
678969228704284672,527,1788
678800283649069056,1014,2800
678798276842360832,1344,3790
678774928607469569,1038,3025
678767140346941444,1544,3846
678764513869611008,542,1776
678755239630127104,3724,7779
678740035362037760,1920,4086
678708137298427904,2740,6053
678675843183484930,1674,3136
678643457146150913,486,2239
678446151570427904,1777,4340
678424312106393600,2866,5887
678410210315247616,2060,4616
678399652199309312,30797,62146
678396796259975168,472,1722
678389028614488064,469,2035
678380236862578688,1017,2641
678341075375947776,610,1886
678334497360859136,302,1423
678278586130948096,6810,12477
678255464182861824,417,1719
678023323247357953,438,2085
678021115718029313,7114,14950
677961670166224897,1873,3686
677918531514703872,461,1470
677895101218201600,2371,5256
677716515794329600,1101,3310
677700003327029250,1613,3675
677698403548192770,361,1325
677687604918272002,948,2670
677673981332312066,1669,3596
677662372920729601,1097,2123
677644091929329666,885,2031
677573743309385728,816,2312
677565715327688705,512,1403
677557565589463040,1314,2653
677547928504967168,4057,7535
677530072887205888,249,1156
677335745548390400,2007,3314
677334615166730240,327,1470
677331501395156992,264,1179
677328882937298944,1681,3925
677314812125323265,609,1783
677301033169788928,468,1355
677269281705472000,788,2144
677228873407442944,1829,3826
677187300187611136,1031,2964
676975532580409345,1196,3000
676957860086095872,902,2381
676949632774234114,444,1407
676948236477857792,977,2341
676946864479084545,424,1829
676942428000112642,852,2247
676936541936185344,5486,13731
676916996760600576,1997,3217
676897532954456065,813,2419
676864501615042560,802,2278
676821958043033607,17503,25013
676819651066732545,738,1949
676811746707918848,468,1526
676776431406465024,2233,5377
676617503762681856,1103,3123
676613908052996102,219,1172
676606785097199616,488,2029
676603393314578432,440,1268
676593408224403456,2400,4939
676590572941893632,142,992
676588346097852417,893,2519
676582956622721024,311,1299
676575501977128964,1252,2794
676533798876651520,618,2018
676496375194980353,601,1631
676470639084101634,5197,12568
676440007570247681,740,1853
676430933382295552,385,1519
676263575653122048,605,2233
676237365392908289,331,1325
676219687039057920,31810,66833
676215927814406144,655,1873
676191832485810177,1142,2464
676146341966438401,739,2068
676121918416756736,1293,2321
676101918813499392,1280,3027
676098748976615425,1610,3259
676089483918516224,479,1422
675898130735476737,651,1766
675891555769696257,971,2286
675888385639251968,1063,2571
675878199931371520,1562,4506
675870721063669760,628,1771
675853064436391936,1447,2903
675849018447167488,170,1021
675845657354215424,991,2460
675822767435051008,589,1644
675820929667219457,259,1130
675798442703122432,3769,11049
675781562965868544,531,1741
675740360753160193,387,1250
675710890956750848,922,2039
675707330206547968,767,2141
675706639471788032,106,689
675534494439489536,468,1940
675531475945709568,428,1265
675522403582218240,312,1113
675517828909424640,503,1405
675501075957489664,6454,18404
675497103322386432,1437,3377
675489971617296384,669,1395
675483430902214656,1076,1982
675432746517426176,626,1619
675372240448454658,558,1832
675362609739206656,260,1133
675354435921575936,18880,35075
675349384339542016,2520,4230
675334060156301312,1428,2994
675166823650848770,1783,3895
675153376133427200,2724,6033
675149409102012420,1870,4017
675147105808306176,273,1020
675146535592706048,345,1292
675145476954566656,1001,2294
675135153782571009,537,1388
675113801096802304,874,2109
675111688094527488,280,1036
675109292475830276,1250,2991
675047298674663426,363,1136
675015141583413248,1330,2908
675006312288268288,251,1051
675003128568291329,517,1664
674999807681908736,1228,2417
674805413498527744,391,931
674800520222154752,947,3221
674793399141146624,1217,2679
674790488185167872,277,1177
674788554665512960,229,865
674781762103414784,1328,2154
674774481756377088,530,1204
674767892831932416,879,1969
674764817387900928,262,847
674754018082705410,488,1457
674752233200820224,515,1576
674743008475090944,602,1505
674742531037511680,55,525
674739953134403584,431,1189
674737130913071104,102,687
674690135443775488,507,1233
674670581682434048,717,1738
674664755118911488,276,990
674646392044941312,553,1526
674644256330530816,308,1102
674638615994089473,649,1795
674632714662858753,633,1608
674606911342424069,113,1006
674468880899788800,2257,6643
674447403907457024,391,1133
674436901579923456,425,1188
674422304705744896,591,1531
674416750885273600,157,728
674410619106390016,514,1283
674394782723014656,630,1600
674372068062928900,344,920
674330906434379776,83,599
674318007229923329,566,1507
674307341513269249,7608,12080
674291837063053312,6495,15725
674271431610523648,799,1676
674269164442398721,254,954
674265582246694913,931,1753
674262580978937856,498,1383
674255168825880576,614,1569
674082852460433408,185,801
674075285688614912,315,1046
674063288070742018,2435,6735
674053186244734976,1431,3564
674051556661161984,526,1559
674045139690631169,707,1516
674042553264685056,142,768
674038233588723717,452,1169
674036086168010753,240,899
674024893172875264,1349,1908
674019345211760640,339,1204
674014384960745472,708,1671
674008982932058114,390,1288
673956914389192708,1060,2080
673919437611909120,399,1245
673906403526995968,1791,3387
673887867907739649,273,989
673716320723169284,839,3274
673715861853720576,2293,3788
673711475735838725,324,1112
673709992831262724,304,900
673708611235921920,315,1143
673707060090052608,431,1171
673705679337693185,437,1333
673700254269775872,633,1525
673697980713705472,2157,4045
673689733134946305,703,1851
673688752737402881,533,1317
673686845050527744,476,1537
673680198160809984,519,1456
673662677122719744,396,1332
673656262056419329,265,763
673636718965334016,403,1191
673612854080196609,800,1682
673583129559498752,401,1267
673580926094458881,296,875
673576835670777856,610,1474
673363615379013632,337,1085
673359818736984064,727,1551
673355879178194945,649,1602
673352124999274496,594,1754
673350198937153538,227,777
673345638550134785,1415,2684
673343217010679808,288,1032
673342308415348736,645,1357
673320132811366400,8653,14374
673317986296586240,292,920
673295268553605120,3471,7996
673270968295534593,399,1124
673240798075449344,795,1501
673213039743795200,928,2397
673148804208660480,687,1817
672997845381865473,782,2081
672995267319328768,327,1011
672988786805112832,312,1031
672984142909456390,591,1326
672980819271634944,1071,1921
672975131468300288,1010,1798
672970152493887488,386,1014
672968025906282496,597,1395
672964561327235073,696,1518
672902681409806336,546,1440
672898206762672129,458,939
672884426393653248,895,1653
672877615439593473,403,1093
672834301050937345,621,1392
672828477930868736,529,1332
672640509974827008,347,1028
672622327801233409,541,1369
672614745925664768,641,1295
672609152938721280,421,1172
672604026190569472,441,1177
672594978741354496,656,1406
672591762242805761,363,1007
672591271085670400,205,779
672538107540070400,402,1085
672523490734551040,188,689
672488522314567680,480,1181
672482722825261057,662,1212
672481316919734272,136,752
672475084225949696,766,1526
672466075045466113,594,1436
672272411274932228,3660,6858
672267570918129665,664,1584
672264251789176834,380,1206
672256522047614977,1691,2992
672254177670729728,796,1501
672248013293752320,655,1823
672245253877968896,169,727
672239279297454080,344,945
672231046314901505,1084,1943
672222792075620352,230,826
672205392827572224,1261,2399
672169685991993344,402,1068
672160042234327040,392,917
672139350159835138,788,1861
672125275208069120,1242,2559
672095186491711488,394,1059
672082170312290304,397,997
672068090318987265,560,1385
671896809300709376,4494,8955
671891728106971137,611,1407
671882082306625538,1486,3667
671879137494245376,746,1497
671874878652489728,599,1322
671866342182637568,545,1187
671855973984772097,501,973
671789708968640512,3793,7479
671768281401958400,569,1263
671763349865160704,996,1781
671744970634719232,838,1420
671743150407421952,244,774
671735591348891648,815,1527
671729906628341761,4766,9073
671561002136281088,7884,13615
671550332464455680,228,963
671547767500775424,648,1437
671544874165002241,1140,2114
671542985629241344,613,1159
671538301157904385,434,986
671536543010570240,440,1247
671533943490011136,627,1088
671528761649688577,280,892
671520732782923777,579,1488
671518598289059840,317,1006
671511350426865664,785,1728
671504605491109889,3840,7465
671497587707535361,479,975
671488513339211776,514,1070
671486386088865792,225,617
671485057807351808,252,804
671390180817915904,802,1509
671362598324076544,321,1185
671357843010908160,156,424
671355857343524864,119,504
671347597085433856,471,1024
671186162933985280,238,783
671182547775299584,377,1187
671166507850801152,385,932
671163268581498880,1194,1755
671159727754231808,89,397
671154572044468225,238,764
671151324042559489,165,711
671147085991960577,251,708
671141549288370177,705,1240
671138694582165504,445,993
671134062904504320,212,795
671122204919246848,2749,3709
671115716440031232,834,1424
671109016219725825,476,1218
670995969505435648,315,1168
670842764863651840,9509,25673
670840546554966016,212,628
670838202509447168,751,1180
670833812859932673,134,472
670832455012716544,242,775
670826280409919488,4452,5930
670823764196741120,204,820
670822709593571328,105,647
670815497391357952,1697,3385
670811965569282048,291,1195
670807719151067136,538,1225
670804601705242624,1029,2090
670803562457407488,95,360
670797304698376195,260,775
670792680469889025,297,888
670789397210615808,254,698
670786190031921152,217,638
670783437142401025,428,869
670782429121134593,857,1680
670780561024270336,312,827
670778058496974848,77,345
670764103623966721,460,1147
670755717859713024,121,473
670733412878163972,556,1023
670727704916926465,401,882
670717338665226240,542,1297
670704688707301377,401,807
670691627984359425,263,628
670679630144274432,314,793
670676092097810432,45,264
670668383499735048,5500,11400
670474236058800128,830,1630
670468609693655041,90,371
670465786746662913,604,1038
670452855871037440,223,577
670449342516494336,728,1261
670444955656130560,2142,7091
670442337873600512,211,689
670435821946826752,566,1124
670434127938719744,702,1495
670433248821026816,122,343
670428280563085312,689,1480
670427002554466305,178,547
670421925039075328,701,1408
670420569653809152,339,667
670417414769758208,348,603
670411370698022913,985,2169
670408998013820928,246,596
670403879788544000,173,456
670385711116361728,233,591
670374371102445568,292,784
670361874861563904,71,343
670338931251150849,120,447
670319130621435904,1348,4087
670303360680108032,151,450
670290420111441920,312,748
670093938074779648,363,1102
670086499208155136,274,737
670079681849372674,1362,2379
670073503555706880,866,1667
670069087419133954,275,672
670061506722140161,372,819
670055038660800512,357,711
670046952931721218,191,683
670040295598354432,118,798
670037189829525505,305,621
670003130994700288,100,350
669993076832759809,91,342
669972011175813120,175,469
669970042633789440,65,317
669942763794931712,182,533
669926384437997569,113,398
669923323644657664,62,248
669753178989142016,430,853
669749430875258880,71,287
669684865554620416,98,551
669683899023405056,118,411
669682095984410625,144,374
669680153564442624,310,709
669661792646373376,478,854
669625907762618368,1956,3754
669603084620980224,397,1003
669597912108789760,163,548
669583744538451968,1012,1580
669573570759163904,156,465
669571471778410496,1077,1677
669567591774625800,61,248
669564461267722241,132,408
669393256313184256,82,384
669375718304980992,786,1420
669371483794317312,196,520
669367896104181761,171,484
669363888236994561,249,663
669359674819481600,134,388
669354382627049472,1385,2876
669353438988365824,279,688
669351434509529089,207,471
669328503091937280,450,1074
669327207240699904,126,607
669324657376567296,222,520
669216679721873412,419,956
669214165781868544,182,467
669203728096960512,519,1069
669037058363662336,333,692
669015743032369152,402,782
669006782128353280,269,608
669000397445533696,6925,22047
668994913074286592,252,465
668992363537309700,379,795
668989615043424256,353,720
668988183816871936,513,958
668986018524233728,182,577
668981893510119424,336,570
668979806671884288,378,836
668975677807423489,635,1381
668967877119254528,25,161
668960084974809088,263,753
668955713004314625,77,298
668932921458302977,62,282
668902994700836864,107,335
668892474547511297,163,419
668872652652679168,321,560
668852170888998912,179,478
668826086256599040,150,465
668815180734689280,290,608
668779399630725120,405,745
668655139528511488,233,559
668645506898350081,586,953
668643542311546881,574,935
668641109086707712,572,1136
668636665813057536,522,1106
668633411083464705,1776,3011
668631377374486528,346,754
668627278264475648,123,337
668625577880875008,140,417
668623201287675904,846,1540
668620235289837568,45,209
668614819948453888,340,649
668587383441514497,1170,1753
668567822092664832,62,262
668544745690562560,248,554
668542336805281792,231,492
668537837512433665,79,265
668528771708952576,242,493
668507509523615744,115,343
668496999348633600,145,435
668484198282485761,250,451
668480044826800133,162,490
668466899341221888,556,937
668297328638447616,318,653
668291999406125056,34,262
668286279830867968,149,532
668274247790391296,248,881
668268907921326080,258,590
668256321989451776,665,1382
668248472370458624,523,1053
668237644992782336,3083,6573
668226093875376128,115,322
668221241640230912,214,534
668204964695683073,206,586
668190681446379520,208,690
668171859951755264,207,523
668154635664932864,335,520
668142349051129856,305,592
668113020489474048,264,707
667937095915278337,862,1351
667924896115245057,119,317
667915453470232577,59,220
667911425562669056,328,522
667902449697558528,395,896
667886921285246976,1174,2005
667885044254572545,524,860
667878741721415682,127,409
667873844930215936,438,663
667866724293877760,1103,3155
667861340749471744,86,253
667832474953625600,68,302
667806454573760512,532,1105
667801013445750784,101,346
667793409583771648,356,732
667782464991965184,259,432
667773195014021121,61,243
667766675769573376,238,474
667728196545200128,162,395
667724302356258817,340,517
667550904950915073,37,0
667550882905632768,34,0
667549055577362432,2447,6102
667546741521195010,137,350
667544320556335104,565,914
667538891197542400,72,218
667534815156183040,572,863
667530908589760512,261,499
667524857454854144,1191,1792
667517642048163840,203,389
667509364010450944,2265,7118
667502640335572993,230,562
667495797102141441,294,561
667491009379606528,237,558
667470559035432960,102,272
667455448082227200,66,202
667453023279554560,96,326
667443425659232256,618,829
667437278097252352,257,480
667435689202614272,88,324
667405339315146752,232,488
667393430834667520,60,210
667369227918143488,172,387
667211855547486208,258,515
667200525029539841,280,655
667192066997374976,115,412
667188689915760640,447,783
667182792070062081,6589,15028
667177989038297088,58,200
667176164155375616,483,637
667174963120574464,87,261
667171260800061440,99,233
667165590075940865,1234,2807
667160273090932737,66,267
667152164079423490,18176,49523
667138269671505920,2372,4827
667119796878725120,135,345
667090893657276420,131,346
667073648344346624,132,422
667070482143944705,14,87
667065535570550784,50,173
667062181243039745,57,225
667044094246576128,54,197
667012601033924608,237,469
666996132027977728,101,257
666983947667116034,1037,2665
666837028449972224,581,853
666835007768551424,83,221
666826780179869698,104,264
666817836334096384,266,537
666804364988780544,95,249
666786068205871104,520,796
666781792255496192,209,402
666776908487630848,185,365
666739327293083650,70,242
666701168228331520,229,447
666691418707132416,51,195
666649482315059201,606,919
666644823164719104,88,237
666454714377183233,219,542
666447344410484738,23,107
666437273139982337,52,131
666435652385423360,54,171
666430724426358785,203,329
666428276349472768,90,171
666421158376562688,118,325
666418789513326592,48,129
666411507551481857,337,457
666407126856765440,43,113
666396247373291520,91,171
666373753744588802,99,194
666362758909284353,590,801
666353288456101888,76,228
666345417576210432,146,308
666337882303524864,96,203
666293911632134144,365,519
666287406224695296,71,152
666273097616637952,81,183
666268910803644416,37,108
666104133288665088,6835,14703
666102155909144576,15,81
666099513787052032,73,160
666094000022159362,78,168
666082916733198337,47,121
666073100786774016,173,334
666071193221509120,67,154
666063827256086533,230,494
666058600524156928,61,117
666057090499244032,146,304
666055525042405380,261,449
666051853826850816,877,1250
666050758794694657,60,136
666049248165822465,41,111
666044226329800704,147,309
666033412701032449,47,128
666029285002620928,48,132
666020888022790149,530,2528
